<Atlas_IoTDDL>
	<Atlas_Thing>
		<Descriptive_Metadata>
			<Thing_ATID>G1_thing</Thing_ATID>
			<Thing_Name></Thing_Name>
			<Thing_Owner></Thing_Owner>
			<Thing_Vendor></Thing_Vendor>
			<Thing_Model></Thing_Model>
			<Thing_ReleaseDate>8/2020</Thing_ReleaseDate>
			<Thing_Type>Thing of Things</Thing_Type>
			<Thing_OperatingSystem>Raspbian</Thing_OperatingSystem>
			<Thing_ShortDescription></Thing_ShortDescription>
			<LongDescription></LongDescription>
			<Thing_SSID>G1_smart_space</Thing_SSID>
			<Space_Coordinates></Space_Coordinates>
			<Space_Name></Space_Name>
			<Space_Description></Space_Description>
			<Space_Constraints>
				<Temperature>
					<Lower_Bound></Lower_Bound>
					<Upper_Bound></Upper_Bound>
				</Temperature>
				<Humidity>
					<Lower_Bound></Lower_Bound>
					<Upper_Bound></Upper_Bound>
				</Humidity>
				<Voltage>
					<Lower_Bound></Lower_Bound>
					<Upper_Bound></Upper_Bound>
				</Voltage>
				<Radio_Interference_Radius></Radio_Interference_Radius>
				<Safe_Temperature_Radius></Safe_Temperature_Radius>
			</Space_Constraints>
		</Descriptive_Metadata>
		<Administrative_Metadata>
			<Network_Manager>
				<Module>WiFi</Module>
				<Type>Built-In</Type>
				<Network_Name>Dd-149@Oxford_manor</Network_Name>
				<Network_Passcode>mtHfWdpRq</Network_Passcode>
				<MulticastGroup>
					<IP>232.1.1.1</IP>
					<Port>1235</Port>
				</MulticastGroup>
				<Communication_Protocol>Sockets</Communication_Protocol>
				<InterOperableCommunication>
					<Broker>
						<Vendor>HiveMQ</Vendor>
						<Dashboard>http://www.mqtt-dashboard.com/</Dashboard>
						<IP>broker.hivemq.com</IP>
						<Port>1883</Port>
					</Broker>
					<Topic>
						<Root>/Atlas</Root>
						<Network_MQTTClient>/Network/MQTT_Client</Network_MQTTClient>
						<Network_PrivateBroker>/Network/Private_Broker</Network_PrivateBroker>
						<Multicast_ThingIdentity>/Multicast/Tweet_ThingIdentity</Multicast_ThingIdentity>
						<Multicast_EntityIdentity>/Multicast/Tweet_EntityIdentity</Multicast_EntityIdentity>
						<Multicast_API>/Multicast/API</Multicast_API>
						<Unicast>/Unicast/Interaction</Unicast>
					</Topic>
				</InterOperableCommunication>
				<OMA_DM>
					<AccessName>Eclipse Leshan</AccessName>
					<IP>coap://leshan.eclipseprojects.io</IP>
					<Port>5683</Port>
				</OMA_DM>
			</Network_Manager>
			<Memory_Manager>
				<Store_Format>Plaintext</Store_Format>
				<MemoryUnit_Application>RAM</MemoryUnit_Application>
				<MemoryUnit_Knowledge>RAM</MemoryUnit_Knowledge>
			</Memory_Manager>
		</Administrative_Metadata>
		<Thing_Attachment>

		</Thing_Attachment>
		<Structural_Metadata>
			<Number_Hardware>0</Number_Hardware>
			<Number_Software>0</Number_Software>
			<Number_Hybrid>0</Number_Hybrid>
			<Number_Entities>4</Number_Entities>
		</Structural_Metadata>
	</Atlas_Thing>
	<Atlas_Entities>
		<Entity_1>
			<Descriptive_Metadata>
				<ID>Button</ID>
				<Name>Button</Name>
				<Owner></Owner>
				<Vendor></Vendor>
				<Category></Category>
				<Type></Type>
				<Description></Description>
			</Descriptive_Metadata>
			<Services>
				<Service_1>
					<Name>read_button</Name>
					<AppCategory></AppCategory>
					<Type></Type>
					<Keywords></Keywords>
					<Description></Description>
					<Contextual_Constraints>
						<Time_Window>30seconds</Time_Window>
						<Usage_Mode></Usage_Mode>
						<Concurrent></Concurrent>
					</Contextual_Constraints>
					<Temporal_Constraints>
						<Working>
							<StartTime></StartTime>
							<EndTime></EndTime>
						</Working>
						<Callable>
							<StartTime></StartTime>
							<EndTime></EndTime>
						</Callable>
					</Temporal_Constraints>
					<OutputDescription>isButtonPushed</OutputDescription>
					<OutputType>int</OutputType>
					<Service_Formula><![CDATA[
// ~ Service body C/C++ code block ~
// You can use the inputs you defined above by name
// Any return values should match the specified output type

#define BUTTON_PIN 12
wiringPiSetupGpio();
pinMode(BUTTON_PIN, INPUT);
isButtonPushed = 0;
if (digitalRead(BUTTON_PIN)==LOW) {
	isButtonPushed=1;
			
}
]]></Service_Formula>
					<Service_NumberInputs>0</Service_NumberInputs>
					<Service_InputTypes></Service_InputTypes>
					<Service_InputDescriptions></Service_InputDescriptions>
				</Service_1>
				<Number_Services>1</Number_Services>
			</Services>
			<UnboundedService>
				<Number_UnboundedServices>0</Number_UnboundedServices>
			</UnboundedService>
			<Relationships>
				<Number_Relationships>0</Number_Relationships>
			</Relationships>
		</Entity_1>
		<Entity_2>
			<Descriptive_Metadata>
				<ID>LED</ID>
				<Name>LED</Name>
				<Owner></Owner>
				<Vendor></Vendor>
				<Category></Category>
				<Type></Type>
				<Description></Description>
			</Descriptive_Metadata>
			<Services>
				<Service_1>
					<Name>pulse_led</Name>
					<AppCategory></AppCategory>
					<Type></Type>
					<Keywords></Keywords>
					<Description></Description>
					<Contextual_Constraints>
						<Time_Window>30seconds</Time_Window>
						<Usage_Mode></Usage_Mode>
						<Concurrent></Concurrent>
					</Contextual_Constraints>
					<Temporal_Constraints>
						<Working>
							<StartTime></StartTime>
							<EndTime></EndTime>
						</Working>
						<Callable>
							<StartTime></StartTime>
							<EndTime></EndTime>
						</Callable>
					</Temporal_Constraints>
					<OutputDescription></OutputDescription>
					<OutputType>void</OutputType>
					<Service_Formula><![CDATA[
// ~ Service body C/C++ code block ~
// You can use the inputs you defined above by name
// Any return values should match the specified output type
#define BUZZ_PIN 16

wiringPiSetupGpio();
pinMode(BUZZ_PIN, OUTPUT);
    
digitalWrite(BUZZ_PIN, HIGH);
delay(time);
digitalWrite(BUZZ_PIN, LOW);



]]></Service_Formula>
					<Service_NumberInputs>1</Service_NumberInputs>
					<Service_InputTypes>int</Service_InputTypes>
					<Service_InputDescriptions>"time"</Service_InputDescriptions>
				</Service_1>
				<Number_Services>1</Number_Services>
			</Services>
			<UnboundedService>
				<Number_UnboundedServices>0</Number_UnboundedServices>
			</UnboundedService>
			<Relationships>
				<Number_Relationships>0</Number_Relationships>
			</Relationships>
		</Entity_2>
		<Entity_3>
			<Descriptive_Metadata>
				<ID>Buzzer</ID>
				<Name>Buzzer</Name>
				<Owner></Owner>
				<Vendor></Vendor>
				<Category></Category>
				<Type></Type>
				<Description></Description>
			</Descriptive_Metadata>
			<Services>
				<Service_1>
					<Name>pulse_buzzer</Name>
					<AppCategory></AppCategory>
					<Type></Type>
					<Keywords></Keywords>
					<Description></Description>
					<Contextual_Constraints>
						<Time_Window>30seconds</Time_Window>
						<Usage_Mode></Usage_Mode>
						<Concurrent></Concurrent>
					</Contextual_Constraints>
					<Temporal_Constraints>
						<Working>
							<StartTime></StartTime>
							<EndTime></EndTime>
						</Working>
						<Callable>
							<StartTime></StartTime>
							<EndTime></EndTime>
						</Callable>
					</Temporal_Constraints>
					<OutputDescription></OutputDescription>
					<OutputType>void</OutputType>
					<Service_Formula><![CDATA[
// ~ Service body C/C++ code block ~
// You can use the inputs you defined above by name
// Any return values should match the specified output type

#define BUZZ_PIN 23
wiringPiSetupGpio();
pinMode(BUZZ_PIN, OUTPUT);
    
digitalWrite(BUZZ_PIN, HIGH);
delay(time);
digitalWrite(BUZZ_PIN, LOW);
    
]]></Service_Formula>
					<Service_NumberInputs>1</Service_NumberInputs>
					<Service_InputTypes>int</Service_InputTypes>
					<Service_InputDescriptions>"time"</Service_InputDescriptions>
				</Service_1>
				<Number_Services>1</Number_Services>
			</Services>
			<UnboundedService>
				<Number_UnboundedServices>0</Number_UnboundedServices>
			</UnboundedService>
			<Relationships>
				<Number_Relationships>0</Number_Relationships>
			</Relationships>
		</Entity_3>
		<Entity_4>
			<Descriptive_Metadata>
				<ID>TILT</ID>
				<Name>Tilt Sensor</Name>
				<Owner></Owner>
				<Vendor></Vendor>
				<Category></Category>
				<Type></Type>
				<Description></Description>
			</Descriptive_Metadata>
			<Services>
				<Service_1>
					<Name>read_tilt</Name>
					<AppCategory></AppCategory>
					<Type></Type>
					<Keywords></Keywords>
					<Description></Description>
					<Contextual_Constraints>
						<Time_Window>30seconds</Time_Window>
						<Usage_Mode></Usage_Mode>
						<Concurrent></Concurrent>
					</Contextual_Constraints>
					<Temporal_Constraints>
						<Working>
							<StartTime></StartTime>
							<EndTime></EndTime>
						</Working>
						<Callable>
							<StartTime></StartTime>
							<EndTime></EndTime>
						</Callable>
					</Temporal_Constraints>
					<OutputDescription>is_tilted</OutputDescription>
					<OutputType>int</OutputType>
					<Service_Formula><![CDATA[
// ~ Service body C/C++ code block ~
// You can use the inputs you defined above by name
// Any return values should match the specified output type

#define TILT_PIN 24


wiringPiSetupGpio();

pinMode(TILT_PIN, INPUT);
if(digitalRead(TILT_PIN) == HIGH) {
    is_tilted = 1;
}
else {
	is_tilted = 0;
}
]]></Service_Formula>
					<Service_NumberInputs>0</Service_NumberInputs>
					<Service_InputTypes></Service_InputTypes>
					<Service_InputDescriptions></Service_InputDescriptions>
				</Service_1>
				<Number_Services>1</Number_Services>
			</Services>
			<UnboundedService>
				<Number_UnboundedServices>0</Number_UnboundedServices>
			</UnboundedService>
			<Relationships>
				<Number_Relationships>0</Number_Relationships>
			</Relationships>
		</Entity_4>
	</Atlas_Entities>
</Atlas_IoTDDL>
